{
  "2025-07-12T09:46:10": {
    "time": "2025-07-12T09:46:10",
    "model_file": "model_scalping.pkl",
    "model_size": 400669601,
    "rows_trained": 0,
    "accuracy": null,
    "msg": "Nema podataka (24h)"
  },
  "2025-07-12T09:56:32": {
    "time": "2025-07-12T09:56:32",
    "model_file": "model_scalping.pkl",
    "model_size": 400669601,
    "rows_trained": 0,
    "accuracy": null,
    "msg": "Nema podataka (24h)"
  },
  "2025-07-12T10:00:30": {
    "time": "2025-07-12T10:00:30",
    "model_file": "model_scalping.pkl",
    "model_size": 400669601,
    "rows_trained": 200000,
    "accuracy": 0.99999,
    "msg": null
  },
  "2025-07-12T10:00:34": {
    "time": "2025-07-12T10:00:34",
    "model_file": "model_scalping.pkl",
    "model_size": 4209537,
    "rows_trained": 2000,
    "accuracy": 1.0,
    "msg": null
  }
}